X,Y,OBJECTID,ID_CRUCE,ID_CONTROLADOR,DIRECCION,UBICACION,COD_BARRIO,X_MAGNAMED,Y_MAGNAMED,LINK_FOTO,COD_SMF_CL_CONT
-75.5577538091403,6.24864709285619,46,81,247,CR 39 CL 55,,1016,836168.2046,1182967.0121,,E1
-75.5569082230091,6.24998573495118,47,82,248,CR 39 CL 58,,1016,836261.7992,1183115.0856,,E1
-75.5680593591253,6.20969293024853,48,84,19,CR 40 CL 10,,1418,835027.4706,1178658.1436,,E1
-75.5589620807414,6.25094856766345,50,86,235,CR 41 CL 57,,1017,836034.4597,1183221.5851,,E1
-75.5627373596428,6.24484972295127,52,89,243,CR 42 CL 48,,1015,835616.5835,1182546.9661,,E1
-75.5717421824913,6.20343626634121,54,91,7,CR 43A CL 1 SUR,,1421,834619.7846,1177966.0747,,E2
-75.5704503739259,6.21053038082609,55,92,4,CR 43A CL 10,,1418,834762.7937,1178750.7793,,E2
-75.5765060827531,6.19266173045616,56,93,10,CR 43A CL 12 SU,,1423,834092.4034,1176774.2726,,E2
-75.5699571168397,6.21465295273383,57,94,3,CR 43A CL 14,,1405,834817.4,1179206.7917,,E2
-75.5771692951502,6.1898059960432,58,95,11,CR 43A CL 16A SUR,,1413,834018.9782,1176458.3909,,E1
-75.5778947924882,6.18744125448388,59,96,12,CR 43A CL 17 SUR,,1423,833938.6585,1176196.82,,E1
-75.5693993636937,6.22000149036935,60,97,2,CR 43A CL 19,,1404,834879.146,1179798.4127,,E2
-75.5692103798277,6.22340997919599,61,99,22,CR 43A CL 23,,1404,834900.0686,1180175.4381,,E1
-75.5691231059205,6.2249903103085,62,100,22,CR 43A CL 25,,1404,834909.7307,1180350.2443,,E1
-75.5725661879909,6.20094644505479,63,101,8,CR 43A CL 3 SUR,,1421,834528.5647,1177690.6676,,E2
-75.569976027379,6.23119599224455,64,102,303,CR 43A CL 31,,1020,834815.3243,1181036.6786,,E1
-75.5704722511472,6.2366531528104,65,146,269,CR 45 CL 36,,1020,834760.4025,1181640.3159,,E1
-75.5700034922344,6.23683651368722,66,104,269,CR 43A CL 36-37,GLORIETA SAN DIEGO,1020,834812.2902,1181660.5976,,E1
-75.5730725570405,6.20018304921083,67,105,8,CR 43A CL 4 SUR,,1421,834472.509,1177606.2264,,E2
-75.5715723871604,6.20606374494294,68,106,6,CR 43A CL 5A,NORTE,1417,834638.5843,1178256.7096,,E2
-75.5733021452701,6.19981587680845,69,107,8,CR 43A CL 5 SUR,,1421,834447.0932,1177565.6125,,E2
-75.5708031617095,6.20975699722874,70,108,5,CR 43A CL 9,,1418,834723.7403,1178665.2329,,E2
-75.5749095491303,6.19622635678072,71,109,1,CR 43A CL 9 SUR,,1422,834269.1478,1177168.5655,,E2
-75.5711086989594,6.2108463542127,72,110,18,CR 43B CL 10,,1420,834689.9197,1178785.7311,,E2
-75.5721457941348,6.21226297736603,73,118,16,CR 43D CL 11,,1419,834575.1189,1178942.4305,,E1
-75.5739455052659,6.21286371958155,74,120,17,CR 43F CL 11,,1419,834375.8986,1179008.8839,,E1
-75.5747965245952,6.21248648881853,75,119,17,CR 43F CL 10,,1419,834281.6932,1178967.1587,,E1
-75.5707687779285,6.2284731089124,76,121,276,CR 43G CL 29,,1401,834727.5695,1180735.4913,,E1
-75.5651968017713,6.24265718607316,77,122,375,CR 43 CL 44,,1013,835344.3489,1182304.441,,E2
-75.564717216019,6.24364781474611,78,123,371,CR 43 CL 46,,1013,835397.4342,1182414.0181,,E2
-75.5643008831079,6.24440550446997,79,124,371,CR 43 CL 47,,1013,835443.5179,1182497.829,,E2
-75.5637609721267,6.24540033692656,80,125,370,CR 43 CL 48,,1019,835503.2802,1182607.8712,,E2
-75.5633554422138,6.24621685136906,81,126,443,CR 43 CL 49,,1015,835548.1678,1182698.189,,U3
-75.562848127745,6.24726063804054,82,127,368,CR 43 CL 50,,1019,835604.3216,1182813.6463,,E2
-75.5624015402404,6.24827238146794,83,128,365,CR 43 CL 52,,1019,835653.7534,1182925.5592,,E2
-75.5620656821987,6.24915357619765,84,129,366,CR 43 CL 53,,1016,835690.9286,1183023.0316,,E2
-75.5614544232735,6.24998747196128,85,130,366,CR 43 CL 54,,1016,835758.5874,1183115.2723,,E2
-75.5610746980972,6.25071865361947,86,131,237,CR 43 CL 55,,1016,835800.618,1183196.1513,,E1
-75.560737071514,6.25141397721246,87,132,237,CR 43 CL 56,,1016,835837.9887,1183273.0639,,E1
-75.5603802177366,6.25202561188029,88,133,363,CR 43 CL 57,,1018,835877.4876,1183340.7194,,E2
-75.5599074882646,6.25267834501601,89,134,234,CR 43 CL 58,,1018,835929.8124,1183412.9211,,E1
-75.5714027139848,6.22902425559579,90,135,276,CR 44 CL 29,,1401,834657.398,1180796.4565,,E1
-75.5667164887177,6.24320719440765,91,136,375,CR 44 CL 44,,1013,835176.135,1182365.2798,,E2
-75.5541484506798,6.26422940301976,93,138,200,CR 44 CL 69,,0409,836567.2419,1184690.6359,,E1
-75.5539379508957,6.26620664284913,94,139,201,CR 44 CL 71,,0409,836590.5366,1184909.3462,,E1
-75.5537597287919,6.26826098131811,95,140,202,CR 44 CL 74,,0409,836610.2583,1185136.5846,,E1
-75.5534029683739,6.27089627282033,96,141,203,CR 44 CL 78,,0410,836649.7398,1185428.0848,,E1
-75.5688844362096,6.24071046558071,99,147,259,CR 45 CL 41,,1013,834936.1631,1182089.1087,,E1
-75.5677271111487,6.24346829320705,100,148,375,CR 45 CL 44,,1013,835064.2695,1182394.1614,,E2
-75.5663689636816,6.24482137342685,101,149,374,CR 45 CL 46,,1013,835214.603,1182543.83,,E2
-75.5659309191069,6.24553149173009,102,150,373,CR 45 CL 47,,1019,835263.0901,1182622.3787,,U3
-75.5654437474724,6.24619516611149,103,151,242,CR 45 CL 48,,1019,835317.0149,1182695.7901,,E1
-75.5648713810289,6.24696751464693,104,152,369,CR 45 CL 49,,1019,835380.3697,1182781.2224,,U3
-75.5636325273303,6.24872990418492,105,153,364,CR 45 CL 52,,1019,835517.4968,1182976.167,,U3
-75.5630698489711,6.2496105059109,106,154,362,CR 45 CL 53,,1019,835579.7786,1183073.5738,,E2
-75.562385214278,6.25055697263338,107,155,362,CR 45 CL 54,,1019,835655.5593,1183178.2663,,E2
-75.5619078827884,6.25122592433629,108,156,236,CR 45 CL 55,,1018,835708.3939,1183252.2618,,E1
-75.5614564049311,6.25186430994327,109,157,236,CR 45 CL 56,,1018,835758.3667,1183322.8763,,E1
-75.5610322371492,6.2524825396338,110,158,363,CR 45 CL 57,,1018,835805.3165,1183391.2613,,E2
-75.5605106057446,6.25323318486889,111,159,234,CR 45 CL 58,,1018,835863.0541,1183474.2934,,E1
-75.5563342746193,6.26140743097626,112,160,197,CR 45 CL 66A,,1001,836325.3081,1184378.4827,,E1
-75.5553862194046,6.26434178173,113,162,200,CR 45 CL 69,,0409,836430.2387,1184703.0639,,E1
-75.5551280498321,6.26677662541324,114,163,201,CR 45 CL 71A,,0409,836458.8093,1184972.3915,,E1
-75.5549611176718,6.26829188210654,115,164,202,CR 45 CL 73,,0409,836477.283,1185140,,E1
-75.5544610508955,6.27110459175917,116,165,203,CR 45 CL 78,,0410,836532.6265,1185451.1253,,E1
-75.5541272461792,6.27279582125279,117,166,204,CR 45 CL 80,,0410,836569.5695,1185638.1992,,E1
-75.5535224051305,6.27621759977941,118,167,205,CR 45 CL 84,,0410,836636.5073,1186016.6962,,E1
-75.5530429454727,6.2787737273049,119,168,206,CR 45 CL 86,,0411,836689.5689,1186299.4401,,E1
-75.5704110590549,6.23835477714848,120,171,263,CR 46 CL 38,,1013,834767.1779,1181828.5388,,E1
-75.5696668515986,6.24106947155095,121,172,259,CR 46 CL 41,,1013,834849.5576,1182128.8204,,E1
-75.5673732307337,6.24547120233195,122,173,240,CR 46 CL 46,PEAT SAN ANTONIO,1013,835103.4415,1182615.7104,,U3
-75.5668437435231,6.24616791660527,123,174,240,CR 46 CL 47,,1013,835162.0504,1182692.7763,,U3
-75.5664343675215,6.24672818217796,124,175,241,CR 46 CL 48,,1019,835207.3641,1182754.7492,,U3
-75.5658331075095,6.2475223501135,125,176,239,CR 46 CL 49,,1019,835273.9172,1182842.5949,,U3
-75.5652129856211,6.24835175351626,126,177,239,CR 46 CL 50,,1019,835342.5579,1182934.3382,,U3
-75.5647409628585,6.24912155694609,127,178,230,CR 46 CL 52,,1019,835394.8055,1183019.489,,U3
-75.5639989745377,6.25052435166006,128,179,231,CR 46 CL 53,,1019,835476.9349,1183174.6574,,E1
-75.5635099507169,6.25130763511048,129,180,232,CR 46 CL 54,,1018,835531.0639,1183261.2994,,E1
-75.562704727029,6.25267471526281,130,181,233,CR 46 CL 56,,1018,835620.192,1183412.5175,,E1
-75.5623362814925,6.25333111871432,131,182,233,CR 46 CL 57,,1018,835660.9741,1183485.1249,,E1
-75.5559200640841,6.26867066698643,132,185,202,CR 46 CL 73,,0409,836371.1417,1185181.8969,,E1
-75.55545365562,6.27127969904768,133,186,203,CR 46 CL 78,,0410,836422.7607,1185470.4925,,E1
-75.5551214206706,6.27296810676296,134,187,204,CR 46 CL 80,,0410,836459.5303,1185657.2542,,E1
-75.5545356206818,6.27633327898845,135,188,205,CR 46 CL 84,,0410,836524.3614,1186029.4896,,E1
-75.5540941743158,6.2789484479138,136,189,206,CR 46 CL 86,,0411,836573.216,1186318.7641,,E1
-75.5664205871966,6.24787018899639,137,192,342,CR 47 CL 49,,1019,835208.8898,1182881.0708,,U3
-75.5660939111057,6.24861569150353,138,193,335,CR 47 CL 50,,1019,835245.0494,1182963.5335,,E2
-75.5656537925576,6.24948056979062,139,194,360,CR 47 CL 52,,1019,835293.7657,1183059.2008,,E2
-75.5647977009629,6.25112814196134,140,195,229,CR 47 CL 53,,1019,835388.5252,1183241.4448,,E1
-75.5643575783506,6.25182983414318,141,196,361,CR 47 CL 54,,1019,835437.2415,1183319.0616,,E2
-75.5629067994101,6.25396754682602,142,197,350,CR 47 CL 57,,1018,835597.8245,1183555.5223,,E2
-75.5624224491832,6.25447649076541,143,198,217,CR 47 CL 58,,1018,835651.4358,1183611.8187,,E1
-75.5617005298119,6.2552893319326,144,199,352,CR 47 CL 59,,1001,835731.3427,1183701.7305,,E2
-75.5608854711148,6.25679062408411,145,200,353,CR 47 CL 61,,1001,835821.5581,1183867.7946,,E2
-75.5603964362089,6.25754126854854,146,201,356,CR 47 CL 62,,1001,835875.6872,1183950.8266,,E2
-75.5565624472603,6.26321879155802,147,202,198,CR 47 CL 67,,0409,836300.0494,1184578.8436,,E1
-75.576148130245,6.21386208600752,148,207,37,CR 48 CL 10,COST NORTE,1419,834132.0787,1179119.3216,,E1
-75.576306289141,6.21279681315696,149,208,37,CR 48 CL 10,COST SUR,1419,834114.5686,1179001.4882,,E1
-75.5760351221797,6.2149602299157,150,209,36,CR 48 CL 14,,1403,834144.5908,1179240.7911,,E1
-75.5756920181764,6.21803069113857,151,210,380,CR 48 CL 16A,,1403,834182.5779,1179580.4254,,E2
-75.5804306252857,6.19032691871812,152,211,48,CR 48 CL 16A SUR,,1423,833657.9473,1176516.0216,,E1
-75.5756062384314,6.21861042846845,153,212,380,CR 48 CL 17,,1403,834192.0746,1179644.5521,,E2
-75.5772439659371,6.20341068741155,154,204,47,CR 48 CL 4 SUR,COST NORTE,1422,834010.7471,1177963.2564,,E2
-75.575027262176,6.22554580208527,155,214,390,CR 48 CL 24,,1401,834256.1791,1180411.6982,,E2
-75.5744219289419,6.23165816269319,156,216,274,CR 48 CL 30,,1012,834323.1978,1181087.8078,,E1
-75.5727696292588,6.23521444190112,157,218,271,CR 48 CL 34,,1012,834506.1005,1181481.178,,E1
-75.5719978932009,6.23705812134588,158,219,268,CR 48 CL 36,,1012,834591.5279,1181685.113,,E1
-75.5717369692471,6.23777312300281,159,220,265,CR 48 CL 37,,1012,834620.4109,1181764.2016,,E1
-75.5713671972697,6.2387071882468,160,221,262,CR 48 CL 38,,1013,834661.3426,1181867.5215,,E1
-75.5633671554274,6.25427304576124,162,224,350,CR 48 CL 57,,1018,835546.8687,1183589.3145,,E2
-75.5628741874893,6.25499561280705,163,225,218,CR 48 CL 58,,1001,835601.4338,1183669.2405,,E1
-75.5623525539407,6.25584416906928,164,226,351,CR 48 CL 59,,1001,835659.1716,1183763.1027,,E2
-75.5609995611014,6.25791660295991,166,228,355,CR 48 CL 62,,1001,835808.9289,1183992.3432,,E2
-75.5771632907574,6.2137509830957,167,229,382,CR 48 CL 9,PEAT MREY COST NORTE,1421,834019.7042,1179107.0346,,AD
-75.5773687289918,6.2131363383405,168,230,382,CR 48 CL 9,PEAT MREY COST SUR,1421,833996.9614,1179039.047,,AD
-75.5682618848331,6.24670642951326,169,232,336,CR 49 CL 46,,1007,835005.0778,1182752.344,,U3
-75.5677565680863,6.24758762892153,170,233,459,CR 49 CL 48,,1013,835061.0114,1182849.8164,,U3
-75.5673490542855,6.24822405031442,171,234,334,CR 49 CL 49,,1019,835106.119,1182920.2131,,E2
-75.5669578390092,6.24902365635307,172,235,335,CR 49 CL 50,,1019,835149.4225,1183008.6603,,E2
-75.5664362181527,6.24993749156554,173,236,359,CR 49 CL 52,,1019,835207.1603,1183109.7428,,E2
-75.5654887878026,6.25156874525918,174,237,229,CR 49 CL 53,,1019,835312.0301,1183290.1816,,E1
-75.5650586894134,6.25225907866227,175,238,361,CR 49 CL 54,,1019,835359.6369,1183366.5419,,E2
-75.5639663407413,6.25455502305752,176,239,349,CR 49 CL 57,,1018,835480.5463,1183620.5049,,E2
-75.5597575704231,6.26350470825601,177,240,196,CR 49 CL 67,,1001,835946.3948,1184610.4654,,E1
-75.5588118839971,6.26886504035779,178,241,294,CR 49 CL 73,,0408,836051.0618,1185203.3927,,E1
-75.5583227932816,6.27178604507875,179,242,295,CR 49 CL 78,,0414,836105.1925,1185526.4965,,E1
-75.5832970436557,6.19583984229289,180,245,27,CR 50C CL 12 SUR,,1510,833340.6533,1177125.8367,,E1
-75.5849734292113,6.19629166004296,181,246,27,CR 50FF CL 12 SUR,,1510,833155.0797,1177175.8207,,E1
-75.5843730842909,6.20097251396117,182,247,26,CR 50FF CL 8 SUR,,1510,833221.5567,1177693.5848,,E1
-75.5735692009508,6.23549993285361,183,251,271,CR 50 CL 34,,1012,834417.5952,1181512.7586,,E1
-75.5727377937723,6.23738945406788,184,252,268,CR 50 CL 36,,1012,834509.628,1181721.7641,,E1
-75.5724541815182,6.23811580582401,185,253,265,CR 50 CL 37,,1012,834541.0225,1181802.1081,,E1
-75.5721251910621,6.23893295240773,186,254,262,CR 50 CL 38,,1013,834577.44,1181892.4952,,E1
-75.5709708793006,6.24164061339657,187,255,340,CR 50 CL 41,,1013,834705.2151,1182191.998,,E1
-75.5698273047388,6.24435512986114,188,257,258,CR 50 CL 44,,1013,834831.8004,1182492.2594,,E1
-75.5689010230006,6.24699671727876,189,258,333,CR 50 CL 46,,1007,834934.3324,1182784.4543,,U3
-75.5685552932229,6.24789768049182,190,259,331,CR 50 CL 48,,1019,834972.6016,1182884.1129,,E2
-75.5682618844157,6.24861569565226,191,260,331,CR 50 CL 49,,1019,835005.0792,1182963.535,,E2
-75.5679684747137,6.24931739079107,192,261,332,CR 50 CL 50,,1019,835037.5568,1183041.1519,,E2
-75.5666970198198,6.25238526790624,193,262,347,CR 50 CL 53,,1019,835178.2935,1183380.5005,,E2
-75.5662732003108,6.25305432643286,194,263,347,CR 50 CL 54,,1019,835225.2054,1183454.5074,,E2
-75.5654092571992,6.25437612171879,195,264,348,CR 50 CL 56,,1018,835320.8335,1183600.7159,,E2
-75.5648360560767,6.25501877019363,196,265,349,CR 50 CL 57,,1018,835384.2797,1183671.8016,,E2
-75.5604977063209,6.26363452253564,197,266,196,CR 50 CL 67,,1001,835864.4723,1184624.8239,,E1
-75.5671269886373,6.25527051544146,198,268,315,CR 51D CL 56,,1005,835130.7025,1183699.6486,,E2
-75.5748560348392,6.23384659598257,199,276,272,CR 51 CL 32,ARGOS,1012,834275.1502,1181329.8794,,E1
-75.5741553521705,6.23578009160435,200,277,271,CR 51 CL 34,,1012,834352.7138,1181543.7491,,E1
-75.5739123719674,6.2364017430207,201,278,341,CR 51 CL 35,,1012,834379.6108,1181612.5118,,AD
-75.5734840532348,6.23764826750968,202,279,266,CR 51 CL 36,,1012,834427.0242,1181750.3937,,E1
-75.57318769379,6.23837689625823,203,280,264,CR 51 CL 37,,1011,834459.8298,1181830.9895,,E1
-75.5728193265723,6.23910440038903,204,281,260,CR 51 CL 38,,1011,834500.6059,1181911.4608,,E1
-75.5717858975605,6.24193434183833,205,282,338,CR 51 CL 41,,1011,834615.001,1182224.4895,,E1
-75.5707174467829,6.24466871935152,206,283,254,CR 51 CL 44,,1011,834733.2713,1182526.9477,,E1
-75.5703320433537,6.24577627068358,207,284,337,CR 51 CL 45,,1007,834775.9327,1182649.4576,,AD
-75.5697615311115,6.24732653082769,208,285,464,CR 51 CL 46,,1019,834839.0839,1182820.937,,AD
-75.569419222679,6.24819141315083,209,286,329,CR 51 CL 48,,1019,834876.9745,1182916.6045,,E2
-75.5690932134129,6.24900733916297,210,287,329,CR 51 CL 49,,1019,834913.0608,1183006.8568,,E2
-75.5687998033998,6.24979062772814,211,288,330,CR 51 CL 50,,1019,834945.5386,1183093.499,,E2
-75.5673164436423,6.25364179598058,212,289,216,CR 51 CL 54,,1019,835109.7314,1183519.49,,E1
-75.5666838662792,6.2551949885203,213,290,315,CR 51 CL 56,,1005,835179.7505,1183691.2941,,E2
-75.5663031202493,6.25598156943106,214,291,212,CR 51 CL 57,,1005,835221.8945,1183778.3006,,E1
-75.5658754377609,6.25710336721056,215,292,213,CR 51 CL 58,,1001,835269.2337,1183902.3867,,E1
-75.5655450124988,6.25810698658843,216,293,220,CR 51 CL 59,,1001,835305.8076,1184013.4007,,E1
-75.565047939724,6.25931053856781,217,294,214,CR 51 CL 61,,1003,835360.827,1184146.53,,E1
-75.564656710778,6.26040387775221,218,295,214,CR 51 CL 62,,1003,835404.1307,1184267.4683,,E1
-75.5642328790782,6.26141562093093,219,296,215,CR 51 CL 64,,1001,835451.0429,1184379.381,,E1
-75.5632377266651,6.26450123733068,220,297,195,CR 51 CL 67,COST NORTE,0408,835561.1913,1184720.6927,,E1
-75.562585446867,6.26540593020431,221,301,191,CR 51 CL 68,,0407,835633.3887,1184820.7644,,E1
-75.568571597165,6.25263004879178,222,302,181,CR 52 CL 53,AV DE GREIFF,1019,834970.8006,1183407.5777,,E1
-75.5901143219277,6.1970038067042,224,304,34,CR 52 CL 12A SUR,,1511,832585.9883,1177254.6183,,E1
-75.5898964145514,6.19753275606043,225,305,34,CR 52 CL 12 SUR,,1511,832610.1133,1177313.1262,,E1
-75.5861104170587,6.20674835151456,226,307,32,CR 52 CL 2 SUR,,1509,833029.2618,1178332.479,,E1
-75.5807835564714,6.21758575847136,227,306,30,CR 52 CL 14,,1507,833618.9679,1179531.224,,E1
-75.5726304044646,6.24530301940501,1,343,256,CR 53 CL 44,PEATONAL ALPUJARRA,1007,834521.5279,1182597.1127,,E1
-75.5930353210716,6.27330171153947,2,14,171,AV 80 CL 65,COLPISOS,0705,832263.0854,1185694.2285,,E1
-75.5892034040121,6.20726059577614,3,15,24,AV 80 CR 65,CAMPOS DE PAZ,1509,832686.8785,1178389.155,,E1
-75.5909507342532,6.20812245437821,4,16,24,AV 80 CR 67,PEATONAL EL RODEO,1509,832493.4583,1178484.4976,,E1
-75.59494247047,6.21080641222184,5,17,23,AV 80 CR 70,NORTE ISS,1607,832051.6011,1178781.4036,,E1
-75.5946801936121,6.21031331369353,6,18,23,AV 80 CR 70,SUR ISS,1607,832080.6312,1178726.8585,,E1
-75.5861773601536,6.24317148222133,7,23,161,CR 66B CQ 1,AV BOLIVARIANA CQ 1,1105,833022.0137,1182361.3767,,E1
-75.5939362082674,6.24633063837977,8,24,135,CQ 74B CR 74,AV JARDIN CR 74,1108,832163.2071,1182710.8636,,E1
-75.5959965069947,6.2459062525326,9,25,134,TV 39B CQ 74B,AV NUTIBARA AV JARDIN,1108,831935.1515,1182663.9337,,E1
-75.5937191440006,6.2433956405294,11,27,136,TV 39B CQ 4,AV NUTIBARA CQ 4,1107,832187.216,1182386.2113,,E1
-75.5749671938696,6.26565905260381,12,34,307,CR 64C CL 67,CARABINEROS GLORIETA INTERIOR,0517,834262.9132,1184848.7733,,E1
-75.5764546905889,6.26659437184005,13,36,307,CR 65 CL 67,COCA COLA,0517,834098.2717,1184952.2358,,E1
-75.5544878643516,6.23790216382797,15,39,372,CR 30 CL 45,,0910,836529.7313,1181778.4817,secretaria_movilidad/images/cruces/39/imagen.jpg,E2
-75.5529229579392,6.24085577011404,16,40,252,CR 30 CL 49,,0907,836702.9449,1182105.1947,,U3
-75.5592091020072,6.20887476106326,17,42,44,CR 30 CL 10,TV INF,1406,836007.1674,1178567.6452,,E1
-75.5542564442029,6.24158794754588,18,43,251,CR 32 CL 49,,0906,836555.3392,1182186.1804,,U3
-75.5534260373169,6.24296146612022,19,45,253,CR 32 CL 52,,0906,836647.2538,1182338.1123,,E1
-75.5537758273631,6.24312034451278,20,44,253,CR 32 CL 51,,0906,836608.5352,1182355.6856,,E1
-75.5637554920198,6.20863769500437,21,41,13,CR 32B CL 10,,1406,835503.8955,1178541.4192,,E1
-75.5661537791103,6.20115210233364,22,46,46,CR 34 CL 1 SUR,,1417,835238.4101,1177713.4101,,E1
-75.5651019762104,6.20847035434098,23,47,21,CR 34 CL 10,,1418,835354.8436,1178522.9089,,E2
-75.5644832159713,6.2118445057647,24,49,38,CR 34 CL 11A,,1406,835423.3383,1178896.1363,,E1
-75.5639784145533,6.21244506725028,25,50,41,CR 34 CL 11B,,1406,835479.2179,1178962.5667,,E1
-75.565599058172,6.20206403829789,26,51,46,CR 34 CL 5,,1417,835299.8171,1177814.2826,,E1
-75.5646816383764,6.20597649518154,27,52,39,CR 34 CL 7,,1417,835401.3739,1178247.0539,,E1
-75.5655985548142,6.20865706494705,28,53,20,CR 35 CL 10,,1418,835299.8738,1178543.5617,,E1
-75.5651992476088,6.2094659253269,29,54,14,CR 35 CL 10A,,1418,835344.076,1178633.0327,,E1
-75.5565089840547,6.24273249096903,30,55,250,CR 35 CL 49,,0907,836306.0031,1182312.7781,,U3
-75.5684461759471,6.1969176436582,31,56,42,CR 35 CL 5 SUR,,1415,834984.6417,1177245.0221,,E1
-75.5654413738559,6.20627824958362,32,57,39,CR 35 CL 7,,1417,835317.273,1178280.4321,,E1
-75.5661000037929,6.20883371483832,33,60,20,CR 36 CL 10,,1418,835244.3649,1178563.1017,,E1
-75.5657231224015,6.20963030131496,34,61,14,CR 36 CL 10A,,1418,835286.0847,1178651.215,,E1
-75.5586310483211,6.24036500814144,35,71,280,CR 36 CL 45,OZANAM,0907,836071.115,1182050.8988,,E1
-75.5600651673429,6.24225260214738,36,72,299,CR 37 CL 47A,BOMBEROS SALVADOR,0907,835912.3698,1182259.6909,,E1
-75.5582571638424,6.24370189029031,37,73,249,CR 37 CL 49,,1016,836112.4958,1182420.0042,,U3
-75.5592556074301,6.24414375491652,38,74,447,CR 38 CL 49,,1015,836001.9778,1182468.8792,,U3
-75.5578428133535,6.24657793000363,39,75,246,CR 38 CL 51,,1016,836158.3559,1182738.1342,,E1
-75.5686396040256,6.20637267148293,40,83,40,CR 39 CL 7,,1417,834963.2367,1178290.8779,,E1
-75.5606106489376,6.24371086377299,41,76,244,CR 39 CL 48,,1015,835851.9891,1182420.9941,,E1
-75.5601358232494,6.24455173110844,42,77,446,CR 39 CL 49,,1015,835904.5466,1182514.006,,U3
-75.5596141953165,6.24543292166854,43,78,245,CR 39 CL 50,,1016,835962.2844,1182611.4783,,E1
-75.5587696102468,6.24699613477102,44,79,246,CR 39 CL 51,,1016,836055.769,1182784.3921,,E1
-75.5582123115475,6.2478317179701,45,80,246,CR 39 CL 54,,1016,836117.4547,1182876.8198,,E1
-75.6022215224397,6.23423484463271,408,535,79,CR 80 CL 32,NORTE MIMOS,1618,831246.0175,1181372.9607,,E1
-75.600185729981,6.23882555338793,409,536,78,CR 80 CL 33,,1109,831471.3969,1181880.7405,,E1
-75.6001859589604,6.24261144685423,410,537,77,CR 80 CL 35,,1109,831471.3996,1182299.5122,,E1
-75.5990256501328,6.25422852412921,411,538,377,CR 80 CL 45G,,1205,831599.9175,1183584.5117,,E1
-75.598324834449,6.25625205878865,412,539,376,CR 80 CL 46,,1112,831677.5033,1183808.3374,,E1
-75.59786368817,6.25840612923055,413,540,140,CR 80 CL 47D,,1202,831728.5612,1184046.6039,,E1
-75.597749611301,6.25892832752215,414,541,140,CR 80 CL 48,,1202,831741.1916,1184104.3654,,E1
-75.5969239675443,6.26342569266408,415,542,139,CR 80 CL 50,,1202,831832.6096,1184601.83,,E1
-75.595463982908,6.26879768238852,416,543,169,CR 80 CL 54A,,1201,831994.2435,1185196.0361,,E1
-75.590114317597,6.27614471857874,418,547,281,CR 80 CL 75,LINDA PINTA,0705,832586.4075,1186008.6877,,E1
-75.58954164704,6.27749879486613,419,548,282,CR 80 CL 76,DOÑA MARIA,0715,832649.7994,1186158.4641,,E1
-75.5841242305213,6.28439775666186,420,549,378,CR 80 CL 80,,0710,833249.4414,1186921.5589,,AD
-75.5983075974616,6.26392565610776,421,553,139,CR 81A CL 50,,1202,831679.4652,1184657.1423,,E1
-75.6041401538409,6.23109325556989,422,554,68,CR 82A CL 30,,1614,831033.615,1181025.4733,,E1
-75.6004767202771,6.25922190087347,423,556,176,CR 82 CL 48,,1304,831439.3395,1184136.8582,,E1
-75.6005256574545,6.25979304561018,424,557,176,CR 82 CL 48A,,1304,831433.9271,1184200.035,,E1
-75.6002144335454,6.26430348145948,425,558,170,CR 82 CL 50,,1202,831468.4089,1184698.9487,,E1
-75.6058850210502,6.22428472776176,426,559,118,CR 83 CL 19,COST NORTE,1612,830840.413,1180272.3715,,E1
-75.6059291693839,6.22374319016114,427,560,118,CR 83 CL 19,COST SUR,1612,830835.5214,1180212.4704,,E1
-75.6054326167851,6.23027242408844,428,561,67,CR 83 CL 29,,1614,830890.5422,1180934.6889,,E1
-75.6057109584112,6.23102657319836,429,562,67,CR 83 CL 30,,1614,830859.7383,1181018.1105,,E1
-75.6059555163395,6.23184085115781,430,563,67,CR 83 CL 30A,,1614,830832.6746,1181108.1829,,E1
-75.6067285451603,6.24415623829845,431,564,168,CR 84 CL 35,,1211,830747.2144,1182470.4402,,E1
-75.6045351022812,6.25071727920142,432,565,166,CR 84 CL 44,,1204,830990.0605,1183196.1625,,E1
-75.6036943585897,6.25780198559305,433,567,343,CR 87 CL 47D,,1206,831083.1788,1183979.8212,,E2
-75.6038737032414,6.25832416535828,434,568,343,CR 87 CL 47DD,,1206,831063.332,1184037.5829,,E2
-75.590882667202,6.23850021726044,435,578,105,DG 74B CL 32F,OCCIDENTAL,1620,832501.1584,1181844.6941,,E1
-75.5902958589792,6.23850024132243,436,579,105,DG 74B CL 32F,ORIENTAL,1620,832566.1127,1181844.6936,,E1
-75.5873010587917,6.27981789677324,437,580,283,DG 80 CL 77B,SANTO TOMAS,0714,832897.8046,1186414.9775,,E1
-75.5704127275745,6.25832753833173,438,390,222,CR 57 CL 58-59,FATELARES NORTE,1003,834767.0164,1184037.7999,,E1
-75.5723344221132,6.25793977794422,439,581,223,CR 57 CL 57,FATELARES SUROCCIDENTAL,1005,834554.3098,1183994.9109,,E1
-75.5721714057751,6.25686275815571,440,582,223,CR 57 CL 56,FATELARES SURORIENTAL,1005,834572.3519,1183875.7775,,E1
-75.5845964435113,6.25930509431139,441,583,145,CR 69 CL 51A,PEATONAL LUIS AMIGO,1101,833197.072,1184145.9685,,E1
-75.5799444744182,6.27352933047338,442,596,305,CR 69 CL 73,RINCONCITO ECUATORIANO,0707,833712.0272,1185719.347,,E1
-75.5756794204968,6.27471271597726,443,597,398,TV 78 CL 79B,RAP OCHOA,0519,834184.1009,1185850.2341,,E2
-75.5611210399719,6.20494413320663,444,598,45,CR 30 CL 7A,TRASV INF CL 7,1417,835795.5246,1178132.862,,E1
-75.5645376751375,6.20038683147409,445,601,50,CR 32 CL 1 SUR,TRASV INF. CL 1 SUR,1410,835417.3107,1177628.7605,,E1
-75.5699639377092,6.18578617055522,446,602,53,CL 16A SUR TRASV INF,,1412,834816.6144,1176013.73,,U3
-75.566069813713,6.19605433545132,447,603,51,CR 32 CL 5 SUR,TRASV INF. CL 5 SUR,1416,835247.7037,1177149.5272,,E1
-75.567355090539,6.19175209103257,448,604,52,CR 32 CL 9 SUR,TRASV INF. CL 9 SUR,1411,835105.4217,1176673.6405,,E1
-75.5569923360582,6.19767057020715,449,605,54,CR 25 CL 3,EL TESORO,1410,836252.5753,1177328.3113,,E2
-75.5596652071835,6.19225432880337,450,606,55,CR 25 CL 5 SUR,TRASV SUP CL 5 SUR,1411,835956.696,1176729.1971,,E1
-75.5783397218784,6.22585358861816,228,309,112,CR 52 CL 25,,1503,833889.512,1180445.7518,,E1
-75.576616614313,6.23163116521044,229,312,462,CR 52 CL 30/,DEPRIMIDO MPLUS CL 29,1504,834080.263,1181084.8264,,E1
-75.5740764724264,6.23779801292963,230,314,266,CR 52 CL 36,,1012,834361.449,1181766.9587,,E1
-75.57375820419,6.23858903157504,231,315,264,CR 52 CL 37,,1011,834396.6799,1181854.4556,,E1
-75.5735092522174,6.23930746476576,232,316,260,CR 52 CL 38,,1011,834424.2379,1181933.9237,,E1
-75.5725194155225,6.24224438916085,233,317,339,CR 52 CL 41,,1011,834533.8083,1182258.7861,,E1
-75.5715382728944,6.24500929402498,234,318,255,CR 52 CL 44,,1011,834642.4149,1182564.621,,E1
-75.5711307674526,6.24610263731006,235,319,337,CR 52 CL 45,,1007,834687.5229,1182685.5592,,AD
-75.5705765574922,6.24762026113738,236,320,321,CR 52 CL 46,,1019,834748.8698,1182853.4285,,E2
-75.5702668516992,6.2485014626123,237,321,320,CR 52 CL 48,,1019,834783.1518,1182950.9011,,E2
-75.5700223459339,6.24930106940681,238,322,320,CR 52 CL 49,,1019,834810.2167,1183039.3483,,E2
-75.5696148345229,6.25024754454741,239,323,319,CR 52 CL 50,,1019,834855.3245,1183144.041,,E2
-75.5692725225955,6.25094924084717,240,324,319,CR 52 CL 51,,1019,834893.2151,1183221.6579,,E2
-75.5682618843647,6.25424558124682,241,325,314,CR 52 CL 54,,1005,835005.0832,1183586.2775,,AD
-75.5678842948831,6.25622635075188,242,326,182,CR 52 CL 57,,1005,835046.8789,1183805.3775,,E1
-75.5677084925707,6.25698038848884,243,327,182,CR 52 CL 57B,,1005,835066.3384,1183888.7843,,E1
-75.5676475386833,6.25732327128014,244,328,182,CR 52 CL 58,,1005,835073.0854,1183926.7118,,E1
-75.5675280193278,6.25799595074768,245,329,219,CR 52 CL 59,,1003,835086.315,1184001.1193,,E1
-75.5672322556071,6.25976746681741,246,330,183,CR 52 CL 61,,1003,835119.053,1184197.0731,,E1
-75.5670529436249,6.26087712394027,247,331,184,CR 52 CL 62,,1003,835138.9009,1184319.8163,,E1
-75.5668247288491,6.26182359796795,248,332,184,CR 52 CL 64,,1003,835164.1615,1184424.5092,,E1
-75.5660147556574,6.26624771398212,250,334,188,CR 52 CL 68,,0407,835253.8152,1184913.8768,,E1
-75.5658398853957,6.26715710797488,251,335,188,CR 52 CL 70,,0407,835273.1709,1185014.4682,,E1
-75.5655279662606,6.2692730813415,252,336,190,CR 52 CL 73,,0417,835307.6959,1185248.5238,,E1
-75.5645415091409,6.27464222375277,254,338,193,CR 52 CL 80,,0415,835416.8809,1185842.4245,,E1
-75.5642015090521,6.27680462546403,255,339,194,CR 52 CL 82,CUATRO BOCAS,0405,835454.5129,1186081.6158,,E1
-75.5885179557029,6.20094543382703,256,340,33,CR 52 CL 9 SUR,,1511,832762.7247,1177690.6081,,E1
-75.5693377293194,6.2528911434452,257,342,225,CR 53 CL 53,AV GREIFF,1006,834885.9993,1183436.459,,E1
-75.5715219898602,6.24797926347847,258,344,321,CR 53 CL 46,,1019,834644.2214,1182893.1403,,E2
-75.5708536765827,6.24962743613448,259,345,323,CR 53 CL 49,,1007,834718.1983,1183075.4499,,E2
-75.5703972638406,6.25062286748523,260,346,322,CR 53 CL 50,,1019,834768.7191,1183185.5577,,E2
-75.5700712540449,6.25129192803186,261,347,322,CR 53 CL 51,,1019,834804.8053,1183259.5646,,E2
-75.569761544796,6.25202626133238,262,348,318,CR 53 CL 52,,1006,834839.0872,1183340.7916,,E2
-75.5692725293745,6.25447403917779,263,349,317,CR 53 CL 54,,1005,834893.2176,1183611.5489,,E2
-75.5689275451021,6.25642217305659,264,350,357,CR 53 CL 57,,1005,834931.4047,1183827.0389,,AD
-75.5687808386902,6.25727073538127,265,351,357,CR 53 CL 57B,,1005,834947.6439,1183920.9014,,AD
-75.5685283818149,6.25822335874845,266,352,221,CR 53 CL 59,,1003,834975.5883,1184026.2744,,E1
-75.5884610848371,6.20508748101097,267,353,25,CR 53 CL 6 SUR,CC EL RODEO,1501,832769.0406,1178148.775,,E1
-75.5669198504937,6.26726241827205,268,354,189,CR 53 CL 70,UDEA,0406,835153.6352,1185026.1173,,E1
-75.5663622830891,6.26939498680566,269,355,190,CR 53 CL 73,,0417,835215.3501,1185262.0084,,E1
-75.5656826187668,6.27175385511781,270,356,192,CR 53 CL 77,PARQUE NORTE,0405,835290.5787,1185522.9314,,E1
-75.5702994712225,6.2533480597575,271,357,316,CR 54 CL 53,AV GREIFF,1006,834779.5467,1183487.0012,,E2
-75.5722392232172,6.24923578363159,272,359,325,CR 54 CL 48,,1007,834564.8336,1183032.1297,,E2
-75.5718480155178,6.2500353932956,273,360,325,CR 54 CL 49,,1007,834608.137,1183120.5769,,E2
-75.5713101011925,6.25107978065589,274,361,324,CR 54 CL 50,,1006,834667.6793,1183236.0997,,E2
-75.5709840920854,6.25173252371607,275,362,324,CR 54 CL 51,,1006,834703.7655,1183308.3016,,E2
-75.5706580825195,6.25249949473571,276,363,318,CR 54 CL 52,,1006,834739.8518,1183393.1387,,E2
-75.570071265891,6.25460458537903,277,364,317,CR 54 CL 54,,1005,834804.8076,1183625.9899,,E2
-75.5797982559702,6.23169386644473,278,365,76,CR 55 CL 30,,1502,833728.08,1181091.7709,,E1
-75.5795526275286,6.23297211367938,279,366,122,CR 55 CL 30A,,1621,833755.2731,1181233.1618,,E1
-75.5734617590354,6.24866462528199,280,367,278,CR 55 CL 46,,1007,834429.5118,1182968.9538,,E1
-75.5730542538257,6.24946423610488,281,368,328,CR 55 CL 48,,1006,834474.6194,1183057.401,,E2
-75.5726467470161,6.2503617576276,282,369,328,CR 55 CL 49,,1006,834519.7272,1183156.6785,,E2
-75.5720436324989,6.25145510264966,283,370,326,CR 55 CL 50,,1006,834586.4866,1183277.6165,,E2
-75.5716687209041,6.25204257188003,284,371,326,CR 55 CL 51,,1006,834627.9857,1183342.5981,,E2
-75.5712534664459,6.25287392883419,285,372,226,CR 55 CL 52A,,1006,834673.9505,1183434.557,,E1
-75.5694833960041,6.26015911053434,286,373,224,CR 55 CL 61,,1003,834869.8828,1184240.3959,,E1
-75.568907143154,6.26122976919477,287,374,224,CR 55 CL 62,,1003,834933.667,1184358.8249,,E1
-75.5679657941614,6.26304748791034,288,375,187,CR 55 CL 65,,1003,835037.8624,1184559.8888,,E1
-75.5675093652171,6.26440192381658,289,376,186,CR 55 CL 67,,1003,835088.3833,1184709.7077,,E1
-75.5729401708963,6.25196096918077,290,378,327,CR 56 CL 50,STA. INES,1006,834487.2513,1183333.5737,,E2
-75.5757916386496,6.23843476212991,291,379,267,CR 57 CL 36,,1012,834171.597,1181837.3955,,E1
-75.5755059218425,6.23895561571644,292,380,267,CR 57 CL 37,,1012,834203.2244,1181895.0084,,E1
-75.5751109748791,6.23989882039023,293,381,261,CR 57 CL 38,,1011,834246.9434,1181999.3389,,E1
-75.5751020528605,6.24578212050947,294,385,257,CR 57 CL 44,SUR-ORI,1009,834247.9436,1182650.1125,,E1
-75.5758540320994,6.24620333893715,295,384,257,CR 57 CL 44,SUR-OCCI,1009,834164.7085,1182696.7067,,E1
-75.5746511867368,6.24628704206974,296,383,257,CR 57 CL 44,NOR-ORI,1009,834297.8507,1182705.9628,,E1
-75.5754252017455,6.24692515064334,297,382,257,CR 57 CL 44,NOR-OCCI,1009,834212.177,1182776.548,,E1
-75.575140735672,6.25013327139548,298,386,277,CR 57 CL 48,,1007,834243.6712,1183131.4095,,E1
-75.5751662420488,6.25279883663684,299,388,228,CR 57 CL 50,LATERAL SUR,1008,834240.8537,1183426.2576,,E1
-75.5737052841505,6.25572044952824,301,389,227,CR 57 CL 54,,1006,834402.5694,1183749.4251,,E1
-75.5810247486335,6.24574234733218,302,394,175,CR 63C CL 42C,,1105,833592.3643,1182645.7294,,E2
-75.5751610701965,6.26007998066022,303,397,306,CR 64C CL 57,UNAL.,0701,834241.4419,1184231.6519,,E1
-75.5832758714815,6.24242092121181,304,408,160,CR 65 CL 38,COST NORTE,1105,833343.1762,1182278.3423,,E1
-75.5662570937517,6.30146181936556,305,400,291,CR 65 CL 104,,0505,835227.0022,1188809.0395,,E1
-75.5879055762733,6.21035295347697,306,401,29,CR 65 CL 2,,1507,832830.5595,1178731.2057,,E1
-75.5843526896768,6.2227225023767,307,402,391,CR 65 CL 20,,1504,833223.9028,1180099.4315,,E2
-75.5835685509136,6.22661529883258,308,403,111,CR 65 CL 25,,1503,833310.7176,1180530.025,,E1
-75.5825571808571,6.2527152018826,310,412,397,CR 65 CL 47D,,1102,833422.7663,1183417.0281,,E2
-75.582426788851,6.25319987041082,311,413,397,CR 65 CL 48,,1102,833437.2009,1183470.6386,,E2
-75.5813020981083,6.25551712941972,312,414,154,CR 65 CL 49B,,1102,833561.6984,1183726.9552,,E1
-75.5867484055929,6.21280077082531,313,415,28,CR 65 CL 5,,1507,832958.6657,1179001.9624,,E1
-75.5810902010886,6.25604421622908,314,416,153,CR 65 CL 50,,1101,833585.1545,1183785.2575,,E1
-75.5808620030797,6.25658273241068,315,417,152,CR 65 CL 51,,1101,833610.4149,1183844.824,,E1
-75.5801775812537,6.25856176515712,316,418,151,CR 65 CL 55,,1101,833686.1779,1184063.7299,,E1
-75.5799607615594,6.25886377646976,317,419,151,CR 65 CL 57,,1101,833710.1779,1184097.1358,,E1
-75.5874176192239,6.24175754714271,452,608,161,CR 66B CL 34B,UNICENTRO 1,1105,832884.7229,1182204.9818,,E1
-75.5879726650307,6.24118210439579,453,609,161,CR 66B CL 34A,UNICENTRO 2,1105,832823.282,1182141.3326,,E1
-75.5718025176368,6.19357954113417,454,58,43,CR 35 CL 9 SUR,,1415,834613.0914,1176875.7859,,E1
-75.5751941039029,6.25928684592252,455,398,306,CR 64C CL 60,UNAL.,0701,834237.7838,1184143.9204,,E1
-75.5701870587532,6.23467506089019,456,103,270,CR 43A CL 34,,1012,834791.9686,1181421.5115,,E1
-75.5725815276968,6.24837090038318,457,358,278,CR 54 CL 46,,1007,834526.943,1182936.4623,,E1
-75.5904064925595,6.23949476194229,458,21,101,CR 66B CL 33,SUR-OCCI BULERIAS AV BOLIVARIANA CL 33,1108,832553.8719,1181954.7018,,E1
-75.5897700268578,6.23974460587007,459,19,101,CR 66B CL 33,NOR-OCCI BULERIAS AV BOLIVARIANA CL 33,1108,832624.324,1181982.3346,,E1
-75.589403643631,6.23930246442431,460,20,101,CR 66B CL 33,NOR-ORI BULERIAS AV BOLIVARIANA CL 33 N,1108,832664.8769,1181933.4258,,E1
-75.5900447177075,6.23902308911566,461,22,101,CR 66B CL 33,SUR-ORI BULERIAS AV BOLIVARIANA CL 33 S,1108,832593.9145,1181902.5264,,E1
-75.602689677672,6.23870232919092,462,3,116,AV 80 CL 33,NOR-ORIE STA. GEMA,1110,831194.232,1181867.1294,,E1
-75.6030953899414,6.23909128793967,463,2,116,AV 80 CL 33,NOR-OCCI,1110,831149.3265,1181910.1568,,E1
-75.5668084424874,6.25645480847141,464,269,212,CR 51D CL 57,,1005,835165.962,1183830.6475,,E1
-75.5665059687065,6.25780984592617,465,270,219,CR 51D CL 59,,1003,835199.4424,1183980.5331,,E1
-75.5662542035347,6.2596205969556,466,271,183,CR 51D CL 61,,1003,835227.31,1184180.8269,,E1
-75.5800726049898,6.21420338206069,468,273,31,CR 51 CL 10,,1507,833697.6561,1179157.0845,,E1
-75.5876803328574,6.19697569944936,469,275,35,CR 51 CL 12 SUR,,1510,832855.4296,1177251.497,,E1
-75.582737440373,6.23327327388402,470,406,110,CR 65 CL 30A,,1502,833402.7409,1181266.4851,,E1
-75.5830977821807,6.2394357267506,471,407,104,CR 65 CL 33,,1105,833362.8775,1181948.1382,,E1
-75.5831943549272,6.24188241301378,472,409,160,CR 65 CL 38,COST SUR,1105,833352.1972,1182218.7756,,E1
-75.5837306148054,6.24541590477321,473,399,159,CR 65 CR 66B,CR 65 AV BOLIVARIANA,1104,833292.8525,1182609.6303,,E1
-75.5835165281506,6.24758220815103,474,410,158,CR 65 CL 43,,1104,833316.5581,1182849.2523,,E1
-75.5833231926764,6.24853764266904,475,411,157,CR 65 CL 44,,1104,833337.9619,1182954.9357,,E1
-75.6076169732777,6.25226553304811,476,571,165,CR 90 CL 44,,1207,830648.9474,1183367.4472,,E1
-75.6156241414211,6.24723746219377,477,573,167,CR 92 CL 35,,1209,829762.5967,1182811.3521,,E1
-75.6151645629674,6.2565762614155,479,575,163,CR 99 CL 44,,1309,829813.5657,1183844.3464,,E1
-75.6147081868564,6.25709849406867,480,576,344,CR 99 CL 45,,1308,829864.0861,1183902.1077,,E2
-75.6143496161468,6.25763703612346,481,577,344,CR 99 CL 47A,,1308,829903.7808,1183961.6741,,E2
-75.6033848317541,6.23859900239812,482,4,116,AV 80 CL 33,SUR-OCCI,1110,831117.284,1181855.7056,,E1
-75.6029867786782,6.23820811137028,483,5,116,AV 80 CL 33,SUR-ORIE,1110,831161.3417,1181812.4645,,E1
-75.5902395020765,6.23152223161581,484,455,73,CR 69B CL 30,,1604,832572.3138,1181072.8298,,E1
-75.5705301039081,6.20301361607093,485,88,7,CR 42 CL 1 SUR,,1421,834753.959,1177919.3222,,E2
-75.5721245261531,6.20214388701278,486,98,7,CR 43A CL 2 SUR,LA STRADA,1421,834577.4579,1177823.1204,,E2
-75.6041329345982,6.23191821989524,487,555,68,CR 82A CL 30,LOS MOLINOS,1614,831034.4209,1181116.7256,,E1
-75.574360606039,6.19773155202779,488,586,9,CR 43A CL 7 SUR,PEATONAL CC SANTAFE,1415,834329.9186,1177335.0596,,E2
-75.5809102402293,6.27362390604532,489,453,285,CR 72 CL 73,COST ORIENTAL PASO PEATONAL,0707,833605.1332,1185729.8115,,E1
-75.5818917675138,6.27363361463163,490,452,285,CR 72 CL 73,ENTRADA PILARICA,0707,833496.4944,1185730.8888,,E1
-75.5776207714897,6.24707240857064,491,391,279,CR 59 CL 44,,1008,833969.1518,1182792.8421,,E2
-75.5821473137961,6.24844045759757,492,392,173,CR 63A CL 44,,1103,833468.1181,1182944.1813,,E2
-75.5603376019299,6.21412499577564,493,600,49,CR 30 CL 12A,TRASV INF CL,1406,835882.2408,1179148.3919,,E1
-75.559922907782,6.21351132033655,494,599,49,CR 30 CL 12,TRASV INF CL,1406,835928.1464,1179080.5114,,E1
-75.5734701530566,6.27639416754156,318,421,398,CR 65 CL 80,,0519,834428.6328,1186036.2212,,E2
-75.5727833401588,6.27859847475578,319,422,310,CR 65 CL 81,ANFITEATRO,0516,834504.6549,1186280.0466,,E1
-75.5720746593507,6.28228814072665,320,423,287,CR 65 CL 89,,0514,834583.099,1186688.1731,,E1
-75.5717041973215,6.28357870092219,321,424,287,CR 65 CL 91C,,0514,834624.1042,1186830.9262,,E1
-75.5704173849515,6.28645381542458,322,425,288,CR 65 CL 93,,0511,834766.5337,1187148.9516,,E1
-75.5698612110698,6.29040673803445,323,426,289,CR 65 CL 96,,0511,834828.0956,1187586.1984,,E1
-75.5695780199478,6.29164726774852,324,427,289,CR 65 CL 97,,0511,834859.4404,1187723.4177,,E1
-75.5692192222074,6.29305589916911,325,428,290,CR 65 CL 98,,0511,834899.1533,1187879.2313,,E1
-75.5687556105974,6.29399263751611,326,429,290,CR 65 CL 98A,,0511,834950.4663,1187982.847,,E1
-75.5737438360475,6.27538842416623,327,432,398,CR 65 TRASV 78,,0519,834398.3389,1185924.9727,,E2
-75.5820635002819,6.25654948630861,328,442,153,CR 66 CL 50,,1101,833477.4246,1183841.1507,,E1
-75.5864869344766,6.23932030306358,329,435,103,CR 66A CL 33,LAT ORIENTAL,1105,832987.7295,1181935.3849,,E1
-75.5827439055577,6.2562186168336,330,436,144,CR 66A CL 49B,PEATONAL EXITO,1102,833402.1113,1183804.5545,,E1
-75.5872851408528,6.23163470670634,331,437,74,CR 66B CL 30,,1601,832899.3394,1181085.2563,,E1
-75.5873086367381,6.23242493871575,332,438,109,CR 66B CL 30A,,1601,832896.7423,1181172.6669,,E1
-75.5874649076494,6.23816165432802,333,440,106,CR 66B CL 32F,SUR,1602,832879.4715,1181807.227,,E1
-75.5874649277776,6.23871648431437,334,439,106,CR 66B CL 32,F NORTE,1602,832879.4719,1181868.5988,,E1
-75.5672763127942,6.3010470271673,335,443,291,CR 67 CL 104,,0505,835114.1973,1188763.1582,,E1
-75.5832419165821,6.25647986845888,336,444,144,CR 67 CL 49B,,1102,833346.9889,1183833.4544,,E1
-75.5829159151944,6.25702327981636,337,445,144,CR 67 CL 50,,1102,833383.0751,1183893.5619,,E1
-75.5835842765834,6.2579860522714,338,446,145,CR 67 CL 51,,1101,833309.1,1184000.0603,,E1
-75.5752682635841,6.27728020898795,339,447,286,CR 67 CL 80,,,834229.6147,1186134.2331,,
-75.5867886177376,6.24902349069041,340,448,132,CR 68A CL 44,,1104,832954.3806,1183008.6918,,E1
-75.5865043206846,6.2529507879493,341,449,150,CR 68A CL 47D,,1103,832985.8669,1183443.1034,,E1
-75.5859898139726,6.2537118293078,342,450,150,CR 68A CL 48,,1103,833042.8199,1183527.2827,,E1
-75.5932312981184,6.21635478871729,343,476,98,CR 70 CL 9,,1607,832241.055,1179395.1196,,E1
-75.5924491047029,6.22041813410417,344,456,97,CR 70 CL 14,,1606,832327.6637,1179844.5767,,E1
-75.5922535516437,6.2213482984709,345,457,96,CR 70 CL 16,,1606,832349.3157,1179947.4645,,E1
-75.592002617032,6.22276419114415,346,458,96,CR 70 CL 19,,1606,832377.1008,1180104.0802,,E1
-75.5916929940324,6.22441237435663,347,459,95,CR 70 CL 24,,1605,832411.3835,1180286.3901,,E1
-75.5913838076968,6.22925870720823,348,461,94,CR 70 CL 27,,1506,832445.6354,1180822.4592,,E1
-75.5914340592293,6.23049612821208,349,462,72,CR 70 CL 29,,1604,832440.0798,1180959.3352,,E1
-75.5914726890194,6.23152454585638,350,463,72,CR 70 CL 30,,1604,832435.8095,1181073.0925,,E1
-75.5915216211246,6.23224255840088,351,464,108,CR 70 CL 30A,,1602,832430.3971,1181152.5148,,E1
-75.5888913668481,6.24843594670142,353,466,130,CR 70 CL 43,,1107,832721.6272,1182943.7115,,E1
-75.5887609925435,6.24921923982946,354,467,131,CR 70 CL 44,,1107,832736.0621,1183030.3538,,E1
-75.5887121156628,6.24985566318203,355,468,131,CR 70 CL 44A,,1107,832741.4754,1183100.7507,,E1
-75.587832012996,6.25331522108656,356,469,148,CR 70 CL 47D,,1103,832838.9093,1183483.4209,,E1
-75.5879624467944,6.2540821854663,357,470,149,CR 70 CL 48,,1102,832824.4756,1183568.2583,,E1
-75.5861470231846,6.25845590334934,358,472,143,CR 70 CL 50,,1101,833025.44,1184052.043,,E1
-75.5858847745654,6.2590165188894,359,473,146,CR 70 CL 51,,1115,833054.4699,1184114.0536,,E1
-75.5851003322033,6.26040114649358,360,474,146,CR 70 CL 53,,1115,833141.303,1184267.209,,E1
-75.5846606786709,6.26121812431052,361,475,146,CR 70 CL 55,,1115,833189.97,1184357.5761,,E1
-75.5894093056639,6.24451568620448,362,477,138,CR 70 CQ 1,,1107,832664.277,1182510.0796,,E1
-75.5934756900214,6.23906626887044,363,479,100,CR 72 CL 33,COOMEVA,1620,832214.1379,1181907.322,,E1
-75.5813814404677,6.27714962916825,364,478,284,CR 72A CL 78B,,0708,833552.9914,1186119.8064,,E1
-75.5923877774603,6.24882744273178,365,480,129,CR 73 CL 43,,1111,832334.6161,1182987.0352,,E1
-75.5922737098068,6.2496270548326,366,481,129,CR 73 CL 44,,1111,832347.2467,1183075.4826,,E1
-75.5917768077835,6.25393516322832,367,482,147,CR 73 CL 47D,,1117,832402.2724,1183552.0156,,E1
-75.5923387270241,6.24558006103575,368,483,137,CR 73 CQ 4,,1107,832340.0267,1182627.83,,E1
-75.594244665527,6.2390434735909,369,484,100,CR 74 CL 33,COOMEVA,1620,832129.0193,1181904.8052,,E1
-75.5934983515863,6.24975610948051,370,485,128,CR 74 CL 44,,1117,832211.6937,1183089.765,,E1
-75.5901367892118,6.26036670413427,371,486,142,CR 74 CL 50,,1115,832583.8363,1184263.4232,,E1
-75.5875841313036,6.26473111387248,372,487,345,CR 74 CL 55,,1114,832866.4013,1184746.1739,,E2
-75.5871766356563,6.26556337170175,373,488,345,CR 74 CL 60,,1114,832911.509,1184838.2311,,E2
-75.5986282669884,6.22023686627898,374,492,93,CR 76 CL 11,,1606,831643.6623,1179824.5657,,E1
-75.5983985786816,6.22125359580946,375,493,93,CR 76 CL 13,,1606,831669.0947,1179937.0283,,E1
-75.5978684095108,6.22242871508126,376,494,114,CR 76 CL 16,,1606,831727.7896,1180067.0089,,E1
-75.5972302245836,6.22482489259397,377,495,92,CR 76 CL 20A,,1605,831798.4492,1180332.0546,,E1
-75.5966247481999,6.22724330331071,378,496,92,CR 76 CL 25,,1605,831865.4877,1180599.5599,,E1
-75.5961986102062,6.22896923246306,379,497,91,CR 76 CL 27,,1605,831912.6696,1180790.4685,,E1
-75.5961996851144,6.2313448141836,380,500,71,CR 76 CL 30,,1603,831912.5662,1181053.2404,,E1
-75.5962975270712,6.23212809739116,381,501,90,CR 76 CL 30A,,1603,831901.741,1181139.8829,,E1
-75.596281265078,6.23284611246774,382,502,89,CR 76 CL 31,,1603,831903.5458,1181219.3051,,E1
-75.5966417267543,6.2383630655479,383,505,87,CR 76 CL 32F,,1108,831863.6823,1181829.5581,,E1
-75.5967018749307,6.23894053467717,384,506,87,CR 76 CL 33,,1108,831857.0283,1181893.4345,,E1
-75.5967672589946,6.23955519598168,385,507,87,CR 76 CL 33A,,1108,831849.795,1181961.4249,,E1
-75.5968486733613,6.240719243932,386,508,86,CR 76 CL 34,,1108,831840.791,1182090.1851,,E1
-75.5969302708148,6.24248163905896,387,509,386,CR 76 CL 35,,1108,831831.7708,1182285.1307,,E1
-75.5964200930915,6.23563776190699,388,504,88,CR 76 CL 32BB,PICACHA NORTE,1603,831888.1971,1181528.1007,,E1
-75.5964037633148,6.23508293379848,389,503,88,CR 76 CL 32B,PICACHA SUR,1603,831890.001,1181466.729,,E1
-75.5970798849745,6.23132844768665,390,510,70,CR 77 CL 30,,1603,831815.1347,1181051.4359,,E1
-75.5971117571031,6.23208378343531,391,511,107,CR 77 CL 30A,,1603,831811.6118,1181134.9866,,E1
-75.5982336807078,6.23206730075123,392,514,107,CR 78 CL 30A,,1603,831687.4235,1181133.1711,,E1
-75.5982015259177,6.23365916612233,394,516,385,CR 78 CL 32,NORTE,1620,831690.9939,1181309.253,,E1
-75.5983577730789,6.23888606375249,395,517,99,CR 78 CL 33,,1109,831673.7353,1181887.4206,,E1
-75.5968932603264,6.25008374277059,396,518,127,CR 78 CL 44,,1203,831835.9186,1183126.0273,,E1
-75.5968705274134,6.25063857323314,397,519,127,CR 78 CL 44A,,1203,831838.4386,1183187.399,,E1
-75.5920929017896,6.27292013555422,398,521,180,CR 78 CL 65,COL. MAYOR,0705,832367.3935,1185652.0155,,E1
-75.5958586591397,6.25794931908352,399,520,141,CR 78 CL 47D,,1112,831950.4882,1183996.061,,E1
-75.5978222724335,6.24791332884471,401,523,133,CR 79 TV 39B,CR 79 AV NUTIBARA,1111,831733.0727,1182885.9561,,E1
-75.599325100257,6.22038005757964,402,527,83,CR 80 CL 11,,1611,831566.5276,1179840.4096,,E1
-75.6001958590746,6.22550079230601,403,529,82,CR 80 CL 20A,,1612,831470.1771,1180406.8394,,E1
-75.6015651312267,6.22687146305639,404,530,81,CR 80 CL 21,,1614,831318.618,1180558.4647,,E1
-75.601891157691,6.22732836017113,405,531,81,CR 80 CL 25,,1614,831282.5326,1180609.0063,,E1
-75.602156452148,6.23195067384072,406,533,69,CR 80 CL 30A,,1603,831253.2024,1181120.2996,,E1
-75.6022030766282,6.23373643481702,407,534,79,CR 80 CL 31A,SUR MIMOS,1618,831248.0554,1181317.8296,,E1
-75.5981372973487,6.23133742710598,495,513,70,CR 78 CL 30,,1603,831698.0873,1181052.4364,,E1
-75.5839124672172,6.21132068346208,496,589,58,CR 52 CL 5,PASO SEGURO NOEL,1507,833272.5875,1178838.2323,,E1
-75.5765546175791,6.20981041103539,497,590,59,CR 48 CL 7 D,PASO SEGURO POLITECNICO,1421,834087.0723,1178671.1518,,E1
-75.6023521662343,6.24319011547825,498,9,115,AV 80 CL 35,ORIENTAL,1110,831231.6267,1182363.5374,,E1
-75.6027359976824,6.24385085883785,499,6,115,AV 80 CL 35,NORTE DON QUIJOTE,1110,831189.1457,1182436.6277,,E1
-75.6027667916593,6.24262825404363,500,8,115,AV 80 CL 35,SUR,1110,831185.7274,1182301.3911,,E1
-75.5926269663172,6.24225339576513,10,26,136,TV 39B CQ 2,AV NUTIBARA CQ 2,1107,832308.1023,1182259.8569,,E1
-75.5614561117017,6.24806022976045,53,90,367,CR 42 CL 52,,1016,835758.4019,1182902.0929,,E2
-75.5531092471368,6.27260783184834,97,142,204,CR 44 CL 80,,0410,836682.2458,1185617.4074,,E1
-75.5703145359588,6.24140479263376,161,223,340,CR 48 CL 41,,1013,834777.8656,1182165.9122,,E1
-75.5889373714946,6.19954639382866,223,303,33,CR 52 CL 10 SUR,,1511,832716.2889,1177535.8572,,E1
-75.5664334966324,6.26425505476401,249,333,185,CR 52 CL 67,,1003,835207.4662,1184693.4615,,E1
-75.5752298654852,6.25350739949589,300,387,228,CR 57 CL 50,LATERAL NORTE,1008,834233.8129,1183504.6345,,E1
-75.591628270034,6.2351499558735,352,465,388,CR 70 CL 32A,ROSALES,1602,832418.6082,1181474.1134,,AD
-75.5982497122572,6.2332067055769,393,515,385,CR 78 CL 32,SUR,1620,831685.6569,1181259.205,,E1
-75.5677239631995,6.25245054372253,467,272,346,CR 51 CL 52,AV DE GREIFF,1019,835064.6233,1183387.7214,,AD
-75.5967051825932,6.21407363639828,14,35,85,AV 80 CL 2,CLINICA LAS AMERICAS PEATONAL,1607,831856.4965,1179142.8148,,E1
-75.5596205119334,6.24978692925147,49,85,238,CR 41 CL 55,,1016,835961.5804,1183093.0912,,E1
-75.5660910793742,6.24450110549974,92,137,374,CR 44 CL 46,,1013,835245.3618,1182508.4039,,E2
-75.5614559931008,6.25724755068973,165,227,354,CR 48 CL 61,,1001,835758.4084,1183918.3365,,E2
-75.5650631672084,6.27214549613011,253,337,192,CR 52 CL 77,,0405,835359.142,1185566.2522,,E1
-75.5827762938433,6.23203742208224,309,404,75,CR 65 CL 30,COST NORTE,1601,833398.4355,1181129.7831,,E1
-75.599729562541,6.25008358120226,400,522,126,CR 79AA CL 44,,1203,831521.9728,1183126.0293,,E1
-75.595366200864,6.26928724221509,417,544,169,CR 80 CL 55,,1201,832005.0696,1185250.1875,,E1
-75.6092797273988,6.2533750648119,478,574,164,CR 92 CL 44,,1207,830464.9109,1183490.1918,,E1
-75.5617297636504,6.18698547002751,451,607,56,CR 25 CL 12 SUR,TRASV. SUP CL 12 SUR,1411,835728.152,1176146.3873,,E1
-75.5524798307943,6.27605073350028,98,143,205,CR 44 CL 84,,0410,836751.9029,1185998.2411,movilidad/images/cruces/143/imagen.jpg,E1
-75.5586034562528,6.25148707183487,51,87,235,CR 41 CL 58,,1017,836074.1545,1183281.1515,secretaria_movilidad/images/cruces/87/imagen.jpg,E1
-75.6033441456712,6.24334726423913,501,7,115,AV 80 CL 35,OCCIDENTAL DON QUIJOTE,1110,831121.8259,1182380.9281,,E1
-75.6021807873141,6.25105143205894,502,11,124,AV 80 CL 44,COST NORTE,1203,831250.6582,1183233.1054,,E1
-75.6028542998821,6.25063821551314,503,12,124,AV 80 CL 44,COST OCCIDENTAL,1203,831176.105,1183187.4033,,E1
-75.6023035526807,6.24998069346754,504,13,124,AV 80 CL 44,COST SUR,1203,831237.0611,1183114.668,,E1
-75.6017117860098,6.25050677751118,505,10,124,AV 80 CL 44,COST ORIENTAL,1203,831302.5669,1183172.8555,,E1
-75.6009296065751,6.25013282541361,506,525,125,CR 80A CL 44,CONSUMO,1111,831389.1422,1183131.4853,,E1
-75.5723988586091,6.28008369507311,507,584,310,CR 65 CL 81C,PASO SEGURO ANFITEATRO,0516,834547.2126,1186444.3317,,E1
-75.5768659731509,6.20704433902003,508,585,60,CR 48B CL 5,PASO SEGURO INEM,1421,834052.5993,1178365.1871,,E1
-75.5795018177793,6.22276803948701,509,591,57,CR 52 CL 21A,PASO SEGURO ZOOLOGICO,1504,833760.8661,1180104.4512,,E1
-75.5731766388146,6.23033009331435,510,145,275,CR 45 CL 29,,1012,834461.0395,1180940.9028,,E1
-75.5738964104706,6.23285548017198,511,217,273,CR 48 CL 31,TIERRAGRO,1012,834381.3709,1181220.2465,,E1
-75.5746544387311,6.23280093275493,512,249,273,CR 50 CL 31,TIERRAGRO,1012,834297.4631,1181214.2143,,E1
-75.5751131665663,6.23481673125188,513,313,272,CR 52 CL 32,ARGOS,1012,834246.6899,1181437.1902,,E1
-75.5779144210821,6.23265714235472,514,341,119,CR 53 CL 30A,,1502,833936.6086,1181198.3169,,E1
-75.5869404705953,6.2393677630502,515,434,103,CR 66A CL 33,LAT OCCIDENTAL,1105,832937.5275,1181940.6367,,E1
-75.5875009182054,6.23928752594138,516,441,102,CR 66B CL 33,,1105,832875.4908,1181931.764,,E1
-75.591337698899,6.22880546911649,517,460,94,CR 70 CL 26B,,1506,832450.7368,1180772.3246,,E1
-75.5562368518526,6.26461283691531,518,183,200,CR 46 CL 69,,0409,836336.0856,1184733.0447,,E1
-75.5561887140445,6.26671384704045,519,184,201,CR 46 CL 71A,,0409,836341.4099,1184965.4453,,E1
-75.5773579966488,6.20175507793652,520,222,384,CR 48 CL 4 SUR,EAFIT,1422,833998.1198,1177780.1236,,E1
-75.5961117244803,6.22956114799634,521,498,91,CR 76 CL 28,,1605,831922.2911,1180855.9419,,E1
-75.5672536665168,6.25092157003265,522,248,358,CR 50 CL 52,CR 50 AV 1 MAYO,1019,835116.6787,1183218.5957,,E2
-75.5978517441107,6.21632776771753,524,546,84,CR 80 DG 75,COST NORTE LA MOTA,1607,831729.5923,1179392.1604,,E1
-75.5973596519526,6.21599140410818,525,545,84,CR 80 DG 75,COST SUR,1607,831784.0624,1179354.9506,,E1
-75.5993432530319,6.21923047550505,526,550,83,CR 80 CL 9 C,OST NORTE RINCON CR 76,1611,831564.5099,1179713.2502,,E1
-75.5989204801556,6.2187113810083,527,551,83,CR 80 CL 9,COST SUR,1611,831611.305,1179655.8282,,E1
-75.569540431524,6.25244787112413,528,587,225,CR 53 CL 52,PEATONAL MUSEO DE ANT,1006,834863.5622,1183387.4272,,E1
-75.5907082598279,6.27232027312285,529,595,174,TV 73 CL 65,SAN GERMAN,0704,832520.6474,1185585.6548,,E1
-75.599452809922,6.22155217614949,530,37,387,AV 80 CL 15,PEATONAL COLEGIO LA INMACULADA,1611,831552.3993,1179970.0629,,AD
-75.5646977992522,6.20924278757297,531,48,21,CR 34 CL 10A,,1418,835399.5848,1178608.3506,,E2
-75.5826397190705,6.2735972563482,532,451,285,CR 72 CL 73,COST OCCIDENTAL PASO PEATONAL,0707,833413.7084,1185726.8698,,E1
-75.5752891042456,6.20145240531873,533,115,61,CR 43C CL 5 SUR,C. EJECUTIVO,1421,834227.1425,1177746.6389,,E2
-75.5754989132178,6.26562752257699,534,32,307,CR 64C CL 67,CARABINEROS GLORIETA EXT SUROCCIDENTAL,0517,834204.0597,1184845.2868,,E1
-75.5751080127181,6.26624117125605,535,30,307,CR 64C CL 67,CARABINEROS GLORIETA EXT NOROCCIDENTAL,0517,834247.3279,1184913.1639,,E1
-75.5743766293837,6.26595327212612,536,31,307,CR 64C CL 67,CARABINEROS GLORIETA EXT NORORIENTAL,0517,834328.2805,1184881.3168,,E1
-75.5745909916372,6.2653186108813,537,33,307,CR 64C CL 67,CARABINEROS GLORIETA EXT SURORIENTAL,0517,834304.5525,1184811.115,,E1
-75.5520817163714,6.27866903970716,538,144,206,CR 44 CL 86,,0411,836795.9603,1186287.8627,,E1
-75.5554818505231,6.26314539642226,539,161,199,CR 45 CL 67,,0409,836419.6561,1184570.7271,,E1
-75.5638573749368,6.26401391230689,540,300,195,CR 51 CL 67,COST OCCIDENTAL,0408,835492.6054,1184666.7877,,E1
-75.5635318073423,6.26333776388666,541,298,195,CR 51 CL 67,COST SUR,0408,835528.6412,1184591.9965,,E1
-75.5624198464249,6.26389870301273,542,299,195,CR 51 CL 67,COST ORIENTAL,0408,835651.719,1184654.0445,,E1
-75.5867790262395,6.25719781096892,543,471,143,CR 70 CL 49,PEAT ESTADIO,1101,832955.4799,1183912.8836,,E1
-75.5744837340255,6.25302565321375,544,377,389,CR 56C CL 50,SAN BENITO,1006,834316.3995,1183451.3452,,E2
-75.5701425665985,6.24364398165899,545,256,258,CR 50 CL 43,,1013,834796.9034,1182413.597,,E1
-75.5827277860292,6.23151939297554,546,405,75,CR 65 CL 30,COST SUR,1601,833403.803,1181072.4818,,E1
-75.5746165067973,6.22963078738307,547,215,304,CR 48 CL 27,PEAT BANCOLOMBIA,1401,834301.6554,1180863.5527,,E1
-75.5994528097793,6.2241904939167,548,528,113,CR 80 CL 19,COL. SN. CARLOS,1612,831552.4184,1180261.897,,E1
-75.5910017115177,6.22675563676608,549,454,94,CR 69B CL 25,PASO CICLISTA JP2,1506,832487.917,1180545.5832,,E1
-75.5961321648647,6.2304932781263,550,499,71,CR 76 CL 29,,1603,831920.0346,1180959.0484,,E1
-75.6021030033837,6.23109638834484,551,1,69,AV 80 CL 30,,1603,831259.1121,1181025.8035,,E1
-75.6009392924741,6.23884142632703,552,524,78,CR 80A CL 33,PEATON STA. GEMA,1109,831387.9846,1181882.5019,,E1
-75.5639976805075,6.22927057830264,553,59,302,CR 35 CL 29C,LOMA INDIO,0914,835477.0821,1180823.6988,,E2
-75.5631687870046,6.23518196855841,554,62,301,CR 36 CL 36,,0912,835568.8325,1181477.5798,,E2
-75.5636172872748,6.23560482340059,555,63,301,CR 36 CL 36A,,0912,835519.1872,1181524.3532,,E2
-75.5611686188871,6.23748688784513,556,64,300,CR 36 CL 40,,0912,835790.2324,1181732.5366,,E2
-75.5615784707891,6.23785897647675,557,65,300,CR 36A CL 40,,0912,835744.8652,1181773.6944,,E2
-75.5592263064419,6.24095985345395,558,66,298,CR 36A CL 45,,0907,836005.2249,1182116.6961,,E2
-75.5587139699495,6.24157459160989,559,67,298,CR 36A CL 47,,0907,836061.9348,1182184.6952,,E2
-75.5575430864102,6.24438737546346,560,68,297,CR 36A CL 50,,0906,836191.5358,1182495.8293,,E2
-75.5565125789378,6.24533855238215,561,69,297,CR 36A CL 51,,0906,836305.6006,1182601.0442,,E2
-75.5561667603876,6.24673199075868,562,70,296,CR 36A CL 54,,0809,836343.8765,1182755.1782,,E2
-75.5754935425792,6.19812274329579,563,111,62,CR 43B CL 8 SUR,CARULLA,1422,834204.5041,1177378.3331,,E2
-75.574536171997,6.20197721535906,564,112,61,CR 43C CL 3 SUR,CAÑAVERAL,1421,834310.4921,1177804.6885,,E2
-75.5763729277834,6.19955073962345,565,113,62,CR 43C CL 7 SUR,SHERATON,1422,834107.1602,1177536.2911,,E2
-75.5759924618958,6.2003751962461,566,114,62,CR 43C CL 6 SUR,POMONA,1422,834149.2793,1177627.4864,,E2
-75.5527650443918,6.28047342901457,567,169,207,CR 45 CL 88,,0302,836720.3233,1186487.4511,,E1
-75.5528455983583,6.28213450984895,568,170,208,CR 45 CL 90,,0412,836711.4032,1186671.1892,,E1
-75.5536246270166,6.28445134395564,569,190,209,CR 46 CL 93,,0401,836625.1735,1186927.4609,,E1
-75.5542769630532,6.28444353294509,570,191,209,CR 46A CL 93,,0401,836552.9722,1186926.5954,,E1
-75.5754388375332,6.22121799843704,571,213,63,CR 48 CL 18A,PEAT CIUDAD DEL RIO,1403,834210.6108,1179932.9847,,E2
-75.5554841746592,6.28449475744565,572,231,210,CR 48 CL 93,,0401,836419.3565,1186932.259,,E1
-75.5567385742875,6.28454681344695,573,243,211,CR 49A CL 93,,0401,836280.518,1186938.0148,,E1
-75.5566383731735,6.28585162489781,574,244,211,CR 49A CL 94,,0401,836291.6061,1187082.345,,E1
-75.5820883102265,6.20506562873563,575,267,66,CR 50E CL 2 SUR,,1509,833474.4929,1178146.3306,,E2
-75.5840758974855,6.20592059348816,576,274,65,CR 51 CL 2 SUR,,1509,833254.4747,1178240.909,,E2
-75.5865339191851,6.20533691787325,577,308,25,CR 52 CL 4 SUR,,1501,832982.3748,1178176.357,,E1
-75.5772538662238,6.23077152661348,578,311,120,CR 52 CL 29B,SALIDA METRO PLUS EST. IND.,1503,834009.7219,1180989.7402,,E1
-75.572251772352,6.30144804361372,579,489,292,CR 74 CL 104,,0604,834563.5257,1188807.5212,,E2
-75.5731608530386,6.30193097121011,580,490,292,CR 74A CL 104,,0604,834462.9117,1188860.9411,,E2
-75.5940677875779,6.27353469891905,581,526,177,CR 80A CL 63,EXITO ROBLEDO,0717,832148.8098,1185720.0063,,E1
-75.5917568072437,6.27380984723692,582,552,180,CR 80 CR 78,FAC MINAS,0705,832404.5987,1185750.4279,,E1
-75.6098047274496,6.23104588011528,583,566,117,CR 87 CL 30,,1615,830406.5893,1181020.2829,,E1
-75.6041675148594,6.25925956835618,584,569,162,CR 87 CL 47F,,1206,831030.8187,1184141.0537,,E2
-75.6046139004914,6.25968492436821,585,570,162,CR 87 CL 48A,,1206,830981.4134,1184188.1076,,E2
-75.5813259638827,6.23951620985827,586,588,123,CR 64A CL 33,PASO SEGURO SAMEIN,1105,833559.0015,1181957.0343,,E2
-75.571971307022,6.27660332391254,587,592,293,CR 64C CL 78,TERMINAL NORTE COST NORORIENTAL,0516,834594.5297,1186059.3543,,E2
-75.572613999546,6.27717198945804,588,593,293,CR 64C CL 81,TERMINAL NORTE COST NOROCCIDENTAL,0516,834523.3956,1186122.2575,,E2
-75.5724319868003,6.27575031200988,589,594,293,CR 64 C CL 78,TERMINAL NORTE COST SURORIENTAL,0516,834543.539,1185965.0002,,E2
-75.5801408285896,6.20295477568903,590,395,64,CR 64 CL 4 SUR,,1509,833690.0682,1177912.8347,,E2
-75.5794157779027,6.25530767180564,591,396,172,CR 64B CL 50,PASO SEGURO,1101,833770.4894,1183703.7802,,E2
-75.5771977209131,6.20269403678514,592,205,47,CR 48 CL 4 SUR,COST SUR,1422,834015.8645,1177883.9849,,E2
-75.5772301221908,6.20306984298887,593,206,47,CR 48 CL 4 SUR,PEATONAL,1422,834012.2787,1177925.5543,,E2
-75.5675716092852,6.29651849193105,594,430,311,CR 65 CL 101,,0509,835081.512,1188262.2403,,E2
-75.5667570527097,6.29904909779797,595,431,311,CR 65 CL 103E,,0509,835171.667,1188542.1596,,E2
-75.6011108090256,6.27867623840901,596,572,381,CR 91 CL 64,"PEATONAL VIA AL MAR, I.E. RAFAEL GARCIA",0718,831369.303,1186288.7793,,AD
-75.5870465329744,6.26748300822358,597,491,178,CR 74B CL 65,PEAT. MONSEÑOR CANO,0703,832925.9184,1185050.5686,,E1
-75.5758344377379,6.27051592176737,598,420,308,CR 65 CL 71A,CC LA FLORIDA,0517,834166.9334,1185386.0115,,E2
-75.5777019067927,6.27075960088219,599,433,309,CR 66 CL 71,CC LA FLORIDA,0519,833960.2349,1185412.9704,,E2
-75.5719528073498,6.21115800297748,600,116,15,CR 43C CL 10,,1419,834596.4802,1178820.2049,,E2
-75.5715977289366,6.21211174205959,601,117,15,CR 43C CL 11,,1419,834635.7875,1178925.701,,E2
-75.5587420265028,6.19512645574331,602,612,395,CR 25 CL 2 SUR,TV SUP CL 2 SUR,1410,836058.8889,1177046.8948,,E2
-75.562573228157,6.1936713701922,603,610,393,CR 29 CL 5 SUR,,1411,835634.7759,1176885.939,,E2
-75.5635565725114,6.18993332501051,604,611,394,CR 29 CL 9 SUR,,1411,835525.9205,1176472.4596,,E2
-75.5744878131881,6.20455005748134,605,613,396,CR 43 D CL 1 SUR,,1421,834315.8505,1178089.28,,E2
-75.5807757480327,6.24801656948004,606,393,173,CR 63D CL 44,,1103,833619.9336,1182897.2887,,E2
-75.5676547490846,6.27377984154618,607,9999,999,CR 53 CL 77,PARQUE NORTE PISTA INFANTIL,0417,835072.2969,1185747.034,,AD
-75.5954345801967,6.23374073667331,608,617,403,DG 74B CL 32,,1603,831997.2728,1181318.2573,,E2
-75.5697271166476,6.22930150057752,609,614,400,CR 43A CL 30,PEAT. PREMIUM,1020,834842.8749,1180827.1216,,E2
-75.5963553691519,6.27585161130529,610,615,401,CR 85 CL 65,,0717,831895.6277,1185976.3031,,AD
-75.5691862513827,6.23676086398784,611,616,402,CR 44 CL 37,PEATONAL SAN DIEGO,1020,834902.7515,1181652.2289,,E2
-75.5938124891591,6.2134641099179,612,618,405,CR 70 CL 2,PRICE SMART,1506,832176.7023,1179075.3744,,E2
-75.6078099885142,6.24192552727631,613,624,410,CR 84 CL 34,,1110,830627.4897,1182223.7026,,E2
-75.5886899688911,6.26297643988539,614,620,406,CR 74 CL 53,,1115,832743.9925,1184552.0883,,E2
-75.5877262690832,6.26231303303247,615,619,406,CR 73 CL 53,,1115,832850.6571,1184478.7017,,E2
-75.5968532816273,6.26851596859494,616,622,408,CR 81 CL 54,EMAUS,1201,831840.4678,1185164.8838,,E2
-75.5664361743895,6.30027480953027,617,623,409,CR 65 CL 103FF,,0509,835207.1816,1188677.74,,E2
-75.581715909607,6.28239817261727,618,621,407,CR 75 CL 80,,0708,833515.9901,1186700.3684,,E2
-75.5769884021675,6.20564972331555,619,203,383,CR 48 CL 1 SUR,,1421,834039.0432,1178210.9238,,E2
-75.6189595278931,6.27672340264383,620,625,411,CR 108B CL 62D,,6098,829393.7418,1186072.9378,,E1
-75.5946578303483,6.24442323774812,621,626,412,TV 39B CQ 73B,CARULLA LAURELES,1108,832083.3194,1182499.8834,,E2
-75.5815001630255,6.18778394804837,622,627,413,CR 48 CL 18C SUR,,1423,833539.5397,1176234.7378,,E2
-75.575245673514,6.22329941163083,623,628,414,CR 48 CL 19A,CLOFAN,1403,834231.9975,1180163.2171,,E2
-75.5862638616706,6.2814992586027,624,629,415,CR 80 CL 78,,0707,833012.6114,1186600.9544,,E2
-75.5855630761942,6.28211849008842,625,630,415,CR 80 CL 79,,0707,833090.1783,1186669.4468,,E2
-75.5713572700429,6.20572588261752,626,631,6,CR 43A CL 5A SUR,,1417,834662.3968,1178219.3371,,E2
-75.5785926342551,6.20307502209003,627,632,47,CR 48B CL 4 SUR,,1422,833861.451,1177926.1309,,E2
-75.5689879586633,6.18110017197782,628,643,425,CR 27 CL 20 SUR,,1412,834924.6531,1175495.3934,,E2
-75.5607570419908,6.18704917603002,629,633,416,CR 22 CL 12 SUR,,1411,835835.8338,1176153.4348,,E2
-75.5651919674143,6.28445132661711,630,642,424,CR 55 CL 92,,0403,835344.8867,1186927.4457,,E2
-75.5616189789909,6.28350816130002,631,634,417,CR 51A CL 92,,0402,835740.3499,1186823.1198,,E2
-75.562923270358,6.28553719664143,632,635,418,CR 53 CL 93,,0403,835595.9883,1187047.5582,,E2
-75.5641166276669,6.28546036115198,633,636,419,CR 55 CL 93,GLORIETA MADRE LAURA COST. SURORIENTAL,0403,835463.9064,1187039.0588,,E2
-75.5715191420318,6.2881649288636,634,638,422,CR 66 CL 94,,0511,834644.5928,1187338.2256,,E2
-75.5711024812762,6.28940199945965,635,637,420,CR 66 CL 95,,0511,834690.7106,1187475.062,,E2
-75.5703843566484,6.28783273261473,636,640,423,CR 65 CL 94,,0511,834770.1909,1187301.4787,,E2
-75.5704328401672,6.2891783275841,637,639,421,CR 65 CL 95,,0511,834764.8263,1187450.32,,E2
-75.5734351100912,6.20428313036346,638,644,396,CR 43C CL 1 SUR,,1421,834432.3821,1178059.7522,,E2
-75.5630329521806,6.28607925555099,639,641,418,CR 53 CL 94,,0403,835583.8484,1187107.5173,,E2
-75.579408985506,6.24320595900626,640,646,428,CR 63 CL 42,PASO PEATONAL UNIDAD COLSEGUROS PARQUES,1105,833771.2043,1182365.1649,,E1
-75.5636345248424,6.24187892396788,641,649,431,CR 41 CL 44,,1015,835517.2775,1182218.3547,,E1
-75.5631473454262,6.24258368426642,642,647,429,CR 41 CL 46,,1015,835571.2032,1182296.311,,E1
-75.5626172867993,6.24360097482765,643,648,430,CR 41 CL 47,,1015,835629.8749,1182408.8375,,E1
-75.5619240685104,6.24324447849255,644,650,432,CR 40 CL 47,,1015,835706.6073,1182369.4045,,E1
-75.5614480234517,6.24415483206298,645,651,433,CR 40 CL 48,,1015,835759.3,1182470.1024,,E1
-75.5932360648499,6.27838782737926,646,654,436,CR 85 CL 76,,0716,832240.8968,1186256.8238,,U3
-75.5587177793123,6.24924703428667,647,653,435,CR 40 CL 55,,1016,836061.5032,1183033.3725,,U3
-75.5731986499763,6.24688749435823,648,656,438,CR 54 CL 45,,1007,834458.6319,1182772.3783,,U3
-75.5627878438249,6.29057579241398,649,655,437,CR 55 CL 97,,0403,835610.9752,1187604.896,,U3
-75.5558024105282,6.23874374476133,650,657,439,CR 32 CL 45,,0907,836384.2213,1181871.5694,,AD
-75.5538052755511,6.23915769327807,651,652,434,CR 30 CL 47,,0907,836605.2848,1181917.362,,E2
-75.5580572308739,6.24121295292063,652,658,440,CR 36 CL 47,,0907,836134.6299,1182144.6939,,E1
-75.5616794018675,6.29296348285026,653,659,441,CR 52 CL 100,,0210,835733.6558,1187869.0079,,E2
-75.5692414484803,6.28761618602818,654,660,423,CR 64 CL 94,,0511,834896.6883,1187277.5245,,E2
-75.564399618269,6.2467861716117,655,661,442,CR 44 CL 49,,1019,835432.5887,1182761.1634,,U3
-75.5625991488706,6.24585579933655,656,662,444,CR 42 CL 49,,1015,835631.8815,1182658.252,,U3
-75.5610080236952,6.24504368903792,657,663,445,CR 40 CL 49,,1015,835808.0027,1182568.4225,,U3
-75.5575895908152,6.24330752076119,658,664,448,CR 36A CL 49,,0907,836186.3899,1182376.3825,,U3
-75.5569976765834,6.24300030799413,659,665,449,CR 36 CL 49,,0907,836251.9093,1182342.4015,,U3
-75.5558832378159,6.24242886548068,660,666,450,CR 34 CL 49,,0907,836375.2675,1182279.1941,,U3
-75.5551054307499,6.24203074816136,661,667,451,CR 33 CL 49,,0907,836461.3638,1182235.1584,,U3
-75.5535415741775,6.24121261117277,662,668,452,CR 31 CL 49,,0907,836634.4692,1182144.6647,,U3
-75.5516570301942,6.24106828950667,663,669,453,CR 50 CL 29,,0906,836843.0703,1182128.7056,,U3
-75.5513196880855,6.24173634011661,664,670,454,CR 29 CL 51,,0906,836880.4089,1182202.6021,,U3
-75.5503144936213,6.24204534193177,665,671,455,CR 28 CL 51A,,0906,836991.6731,1182236.7849,,U3
-75.5432619314348,6.23634653307588,666,672,456,CR 17 CL 51A,,0905,837772.3478,1181606.4453,,U3
-75.5423042915176,6.23584128792846,667,673,457,CR 16A CL 50A,,0905,837878.3526,1181550.5627,,U3
-75.5410724898919,6.23386930812595,668,674,458,CR 14A CL 50,,0905,838014.7123,1181332.4407,,U3
-75.5803006187926,6.27850881892953,669,675,284,CR 72A CL 79,,0708,833672.6241,1186270.1478,,E1
-75.5687824582668,6.20995998544271,670,676,460,CR 41 CL 10,,1418,834947.426,1178687.6841,,E1
-75.5549011425747,6.20796078956256,671,677,461,CR 25 CL 10,,1407,836484.0477,1178466.5545,,E2
-75.5657753886951,6.28419313281398,672,678,424,CR 60 CL 92,"ASFALTADORA, MADRE LAURA",0403,835280.3129,1186898.886,,E2
-75.5679333172452,6.28291960264136,673,679,424,CR 62 CL 90,"CURVA DE LA VIRGEN, MADRE LAURA",0403,835041.4699,1186758.017,,E2
-75.5801295766608,6.24477894540409,674,680,463,CR 63AA CL 42C,,1105,833691.4472,1182539.161,,E1
-75.5645947295318,6.28589569919244,675,683,419,CR 55 CL 93,GLORIETA MADRE LAURA COST. NOROCCIDENTAL,0403,835410.9896,1187087.2131,,E2
-75.5643309287667,6.28587445206519,676,684,419,CR 55 CL 93,GLORIETA MADRE LAURA COST. NORORIENTAL,0403,835440.1873,1187084.8629,,E2
-75.5644560798987,6.28547471328619,677,682,419,CR 55 CL 93,GLORIETA MADRE LAURA COST. SUROCCIDENTAL,0403,835426.3355,1187040.6463,,E2
-75.5539102402144,6.24240770597121,678,685,465,CR 32 CL 50,,0906,836593.6587,1182276.8577,,AD
-75.5773791533087,6.23185517329569,679,681,462,CR 52 CL 29C,EST METROPLUS INDUSTRIALES,1504,833995.8564,1181109.6067,,E1
-75.5535613920317,6.26269693958096,680,687,466,CR 43 CL 66F SUR,,0308,836632.2244,1184521.1258,,E2
-75.5533323057991,6.26293702602305,681,688,466,CR 43 CL 66F,NORTE,0308,836657.5804,1184547.6832,,E2
-75.56239915982,6.27249424816704,682,689,467,CR 51 CL 78,,0415,835654.0042,1185604.8296,,E2
-75.5549932864181,6.24971499284776,683,690,468,CR 37 CL 58,,1017,836473.7611,1183085.1414,,E2
-75.5573398288339,6.24930868956859,684,686,247,CR 39 CL 56,,1016,836214.0265,1183040.1944,,E1
